source,repository.name,repository.full_name,repository.html_url,repository.description
GitHub API,pytorch-diffusion,quickgrid/pytorch-diffusion,https://github.com/quickgrid/pytorch-diffusion,Implementation of diffusion models in pytorch for custom training.
GitHub API,dema-rs,sabinchitrakar/dema-rs,https://github.com/sabinchitrakar/dema-rs,Double Exponential Moving Average (DEMA) implementation in Rust
GitHub API,SMP2021-ECISA,myeclipse/SMP2021-ECISA,https://github.com/myeclipse/SMP2021-ECISA,SMP2021-ECISA ‰∏≠ÊñáÈöêÂºèÊÉÖÊÑüÂàÜÊûêËØÑÊµãÁ¨¨4ÂêçËß£ÂÜ≥ÊñπÊ°à
GitHub API,Forex-Expert-Advisor,juliach98/Forex-Expert-Advisor,https://github.com/juliach98/Forex-Expert-Advisor,Forex Expert Advisor for automation of analytical and trading processes based on strategy EMA (4+13+50) + Stochastic.
GitHub API,ema,romulodl/ema,https://github.com/romulodl/ema,EMA (Exponential Moving Average) in php
GitHub API,tradingview-pinescript-4-ma-lines-indicator,nguyentamgm/tradingview-pinescript-4-ma-lines-indicator,https://github.com/nguyentamgm/tradingview-pinescript-4-ma-lines-indicator,The base lines for forex trading in Pine Script
GitHub API,ema-rs,sabinchitrakar/ema-rs,https://github.com/sabinchitrakar/ema-rs,Exponential Moving Average (EMA) implementation in Rust
GitHub API,EMA_system,ZS-Yang-TW/EMA_system,https://github.com/ZS-Yang-TW/EMA_system,
GitHub API,t3p-server,emanuelturtula/t3p-server,https://github.com/emanuelturtula/t3p-server,
GitHub API,vdvae,openai/vdvae,https://github.com/openai/vdvae,"Repository for the paper ""Very Deep VAEs Generalize Autoregressive Models and Can Outperform Them on Images"""
GitHub API,PivotOnEMA,TechRancher/PivotOnEMA,https://github.com/TechRancher/PivotOnEMA,Pivot On EMA is a Strategy I came up with to be used with ThinkorSwim:registered: platform. This Strategy uses 3 EMA and my Pivot RSI to give the user a buy long signal and or sell short signal.
GitHub API,s-ema-john-simple-main-updated,AMIN-SUAAD/s-ema-john-simple-main-updated,https://github.com/AMIN-SUAAD/s-ema-john-simple-main-updated,Live link: https://fir-ema-john-simple-main-57df3.web.app/
GitHub API,ema-js-parser,music-addressability/ema-js-parser,https://github.com/music-addressability/ema-js-parser,A generic parser in Typescript/JavaScript for Enhancing Music Notation Addressability (EMA) expressions
GitHub API,sma,patharanordev/sma,https://github.com/patharanordev/sma,Calculate Simple Moving Average(SMA) to support client/server site
GitHub API,EMA,Hazelsuko07/EMA,https://github.com/Hazelsuko07/EMA,
GitHub API,NVDA_EMAs_crossover,davidpasini/NVDA_EMAs_crossover,https://github.com/davidpasini/NVDA_EMAs_crossover,Trading algorithm that places long positions when price is above the baseline EMA and the fast EMA crosses over the slow EMA. Position exits on a series of stoploss indicators
GitHub API,Ema,carlosmateo89/Ema,https://github.com/carlosmateo89/Ema,An MVVM library to implement this architecture by an easy way in your app
GitHub API,ema-timeout,jiamao/ema-timeout,https://github.com/jiamao/ema-timeout,‰ΩøÁî®emaÁÆóÊ≥ïÊù•Âä®ÊÄÅËÆ°ÁÆóÊé•Âè£Ë∂ÖÊó∂ËÆæÂÆöÔºåÊüîÊÄßË∂ÖÊó∂
GitHub API,pytorch_ema,fadel/pytorch_ema,https://github.com/fadel/pytorch_ema,Tiny PyTorch library for maintaining a moving average of a collection of parameters.
GitHub API,fin-calc,kunogi/fin-calc,https://github.com/kunogi/fin-calc,a tool lib calculates fin-indicators
GitHub API,SuperEMA,TechRancher/SuperEMA,https://github.com/TechRancher/SuperEMA,"Super EMA is a ThinkorSwim:registered: platform script that combines three EMA. The 20 EMA, 50 EMA, and 100 EMA."
GitHub API,oanda-bot-python,10mohi6/oanda-bot-python,https://github.com/10mohi6/oanda-bot-python,oanda-bot is a python library for automated trading bot with oanda rest api on Python 3.6 and above.
GitHub API,Ema,m23ck/Ema,https://github.com/m23ck/Ema,Employee Management Alembo
GitHub API,vptrade,vnpnh/vptrade,https://github.com/vnpnh/vptrade,vptrade is a technical indicators trading tools can be used to all instruments.
GitHub API,org-roam-ema,JonathanReeve/org-roam-ema,https://github.com/JonathanReeve/org-roam-ema,Static web export for an org-roam directory. WIP. 
GitHub API,ema,lezhnev74/ema,https://github.com/lezhnev74/ema,External memory app - allows one to quickly post and search text notes
GitHub API,python-ema,derekjhyang/python-ema,https://github.com/derekjhyang/python-ema,
GitHub API,MovingAverageClasses,pdanford/MovingAverageClasses,https://github.com/pdanford/MovingAverageClasses,Python 3 Classes to Calculate Moving Averages Iteratively
GitHub API,test,chlwhdans12/test,https://github.com/chlwhdans12/test,
GitHub API,CrowdSim,floristevito/CrowdSim,https://github.com/floristevito/CrowdSim,Repository holding all the contents in regard to thesis work for a Master of Science in Engineering and Policy Analysis at the Delft University of Technology.
GitHub API,mackmd_tradebtc,kiwichuang/mackmd_tradebtc,https://github.com/kiwichuang/mackmd_tradebtc,
GitHub API,Article.EMA.Java.ChainExpander,Refinitiv-API-Samples/Article.EMA.Java.ChainExpander,https://github.com/Refinitiv-API-Samples/Article.EMA.Java.ChainExpander,Created by Platform Services GitHub tool on Mon Mar 06 2017
GitHub API,Supplypipe,danielboloc/Supplypipe,https://github.com/danielboloc/Supplypipe,Stock price extractor and signal generator
GitHub API,Calculate-EMA,bluesnooker123/Calculate-EMA,https://github.com/bluesnooker123/Calculate-EMA,Share Price Monitoring Script in C#
GitHub API,samurai,sirolf2009/samurai,https://github.com/sirolf2009/samurai,
GitHub API,iocengine-stockindex,YanLongDong/iocengine-stockindex,https://github.com/YanLongDong/iocengine-stockindex,ÈÄöËææ‰ø°ÊåáÊ†áËΩ¨ÈáèÂåñ
GitHub API,s22-ema,cs481-ekh/s22-ema,https://github.com/cs481-ekh/s22-ema,
GitHub API,Stock-Trading-Helper,Jefflin413/Stock-Trading-Helper,https://github.com/Jefflin413/Stock-Trading-Helper,This project aims to develop a web application that is useful and convenient for people who want to do algorithmic trading. The features include a real-time stock chart with multiple adjustable options
GitHub API,EMa_Estate-Web-Manager,DeliTrbat/EMa_Estate-Web-Manager,https://github.com/DeliTrbat/EMa_Estate-Web-Manager,
GitHub API,forex-algo,Blake-Arledge/forex-algo,https://github.com/Blake-Arledge/forex-algo,Data Science bootcamp project attempting to use previous technical indicators and a that has been expanded upon
GitHub API,FastDPM_pytorch,FengNiMa/FastDPM_pytorch,https://github.com/FengNiMa/FastDPM_pytorch,"Official PyTorch implementation for FastDPM, a fast sampling algorithm for diffusion probabilistic models"
GitHub API,Cryptocurrency-Momentum-Analysis,Nick-foote/Cryptocurrency-Momentum-Analysis,https://github.com/Nick-foote/Cryptocurrency-Momentum-Analysis,
GitHub API,blog,tommyengstrom/blog,https://github.com/tommyengstrom/blog,
GitHub API,Article.EMA.Java.SLF4J,Refinitiv-API-Samples/Article.EMA.Java.SLF4J,https://github.com/Refinitiv-API-Samples/Article.EMA.Java.SLF4J,This article will show how to integrate your EMA Java 1.3.x application with Log4j in a Maven way.
GitHub API,FastPass,EmaRCB/FastPass,https://github.com/EmaRCB/FastPass,"FastPass is a bot developed for the instant messaging platform ""Discord"" that, by using commands in a text channel, delivers to Discord users, video game accounts with specific features that are on sale on the platform ""eldorado.gg"", generating the link where those accounts are hosted and sending it to users as a message via a text channel."
GitHub API,tkinder1,rajared/tkinder1,https://github.com/rajared/tkinder1,
GitHub API,ETMeta,thesethtruth/ETMeta,https://github.com/thesethtruth/ETMeta,A trial and error story about a boi trying to api the etm
GitHub API,ema-pytorch,lucidrains/ema-pytorch,https://github.com/lucidrains/ema-pytorch,A simple way to keep track of an Exponential Moving Average (EMA) version of your pytorch model
GitHub API,zenbot_412,sumdoll/zenbot_412,https://github.com/sumdoll/zenbot_412,zenbot 4.1.2 release
GitHub API,shared_mutex,Emanem/shared_mutex,https://github.com/Emanem/shared_mutex,A C++11 shared mutex with high emphasis on performance
GitHub API,joel,iucigrig/joel,https://github.com/iucigrig/joel,joel
GitHub API,LCYS-EMA-Project,Jhines2022/LCYS-EMA-Project,https://github.com/Jhines2022/LCYS-EMA-Project,
GitHub API,slegan,lutherrr/slegan,https://github.com/lutherrr/slegan,
GitHub API,market_monitor,jaybutera/market_monitor,https://github.com/jaybutera/market_monitor,
GitHub API,zen,pelayo90/zen,https://github.com/pelayo90/zen,
GitHub API,EMA_strategy,anuntarin/EMA_strategy,https://github.com/anuntarin/EMA_strategy,
GitHub API,measurement-prediction-framework,m-r-s/measurement-prediction-framework,https://github.com/m-r-s/measurement-prediction-framework,Essential Measurement Applications (EMA) integrated with scripts to simulate the measurements with FADE
GitHub API,zenbot,tamirverthim/zenbot,https://github.com/tamirverthim/zenbot,
GitHub API,BTCAutoTrader,zhengwang1990/BTCAutoTrader,https://github.com/zhengwang1990/BTCAutoTrader,Automatically trade BTC-USD on Coinbase Pro
GitHub API,GekkoAlgs,k-kapital/GekkoAlgs,https://github.com/k-kapital/GekkoAlgs,
GitHub API,AntStockBroker,anthonylai510/AntStockBroker,https://github.com/anthonylai510/AntStockBroker,AntStockBroker is a real-time stock broker system
GitHub API,monitorbot,lxwang/monitorbot,https://github.com/lxwang/monitorbot,GDAX trading bot
GitHub API,talipp,nardew/talipp,https://github.com/nardew/talipp,talipp - incremental technical analysis library for python
GitHub API,VQ-VAE-Images,swasun/VQ-VAE-Images,https://github.com/swasun/VQ-VAE-Images,PyTorch implementation of VQ-VAE applied on CIFAR10 dataset
GitHub API,ema_assistant,susom/ema_assistant,https://github.com/susom/ema_assistant,A REDCap EM to assist in running surveys that are part of an Ecological Momentary Assessment study
GitHub API,crypto-market-samples,imwatsi/crypto-market-samples,https://github.com/imwatsi/crypto-market-samples,A collection of sample Python scripts that one can incorporate or build upon when developing customized systems for trading cryptocurrency
GitHub API,testwise,aticio/testwise,https://github.com/aticio/testwise,A backtester (backtest helper) for testing my trading strategies.
GitHub API,TradingViewAPI,aiThanet/TradingViewAPI,https://github.com/aiThanet/TradingViewAPI,
GitHub API,bot,f13end/bot,https://github.com/f13end/bot,
GitHub API,gantrade,gant85/gantrade,https://github.com/gant85/gantrade,GanTrade - Automated trading
GitHub API,vdub,niconuto/vdub,https://github.com/niconuto/vdub,vdub
GitHub API,adliya,faezs/adliya,https://github.com/faezs/adliya,
GitHub API,MoodTracker-Tutorial,EmaApps/MoodTracker-Tutorial,https://github.com/EmaApps/MoodTracker-Tutorial,Ema tutorial: write a mood tracker
GitHub API,myzbot,phucktum/myzbot,https://github.com/phucktum/myzbot,
GitHub API,ma_strategy,namm2008/ma_strategy,https://github.com/namm2008/ma_strategy,Backtesting Moving average strategies.
GitHub API,EMA-Exponential-Moving-Average-,Fei-Ho/EMA-Exponential-Moving-Average-,https://github.com/Fei-Ho/EMA-Exponential-Moving-Average-,Implementation of EMA in tensorflow2. It's very easy to use.
GitHub API,sling,liseandr/sling,https://github.com/liseandr/sling,sking
GitHub API,Ripstar,roscandra6/Ripstar,https://github.com/roscandra6/Ripstar,ripstar
GitHub API,Atelie-da-Casa-Museu-Ema-Klabin,ema-klabin/Atelie-da-Casa-Museu-Ema-Klabin,https://github.com/ema-klabin/Atelie-da-Casa-Museu-Ema-Klabin,
GitHub API,27-09-bot,spreadzp/27-09-bot,https://github.com/spreadzp/27-09-bot,
GitHub API,DesarrolloWeb,EmaRCB/DesarrolloWeb,https://github.com/EmaRCB/DesarrolloWeb,
GitHub API,test-heroku,MdAtikBhuiyan/test-heroku,https://github.com/MdAtikBhuiyan/test-heroku,
GitHub API,Example.EMA.Java.ValueAddObjectsForEMA,Refinitiv-API-Samples/Example.EMA.Java.ValueAddObjectsForEMA,https://github.com/Refinitiv-API-Samples/Example.EMA.Java.ValueAddObjectsForEMA,Value-add objects for EMA
GitHub API,bybit-backtest-python,10mohi6/bybit-backtest-python,https://github.com/10mohi6/bybit-backtest-python,bybit-backtest is a python library for backtest with bybit fx trade on Python 3.7 and above.
GitHub API,repository.name,repository.full_name,repository.html_url,repository.description
GitHub API,angular__cdk,esm-bundle/angular__cdk,https://github.com/esm-bundle/angular__cdk,ESM and SystemJS bundles for @angular/cdk
GitHub API,esm_yaml,pgierz/esm_yaml,https://github.com/pgierz/esm_yaml,
GitHub API,import-esm,fisker/import-esm,https://github.com/fisker/import-esm,Import ES Module in the safe way
GitHub API,openmrs-esm-core,devemmm/openmrs-esm-core,https://github.com/devemmm/openmrs-esm-core,
GitHub API,angular__platform-browser-dynamic,esm-bundle/angular__platform-browser-dynamic,https://github.com/esm-bundle/angular__platform-browser-dynamic,ESM and SystemJS bundles for @angular/platform-browser-dynamic
GitHub API,rxjs,esm-bundle/rxjs,https://github.com/esm-bundle/rxjs,
GitHub API,rafabernad,joeldenning/rafabernad,https://github.com/joeldenning/rafabernad,
GitHub API,classnames,esm-bundle/classnames,https://github.com/esm-bundle/classnames,
GitHub API,openmrs-esm-patient-management,devemmm/openmrs-esm-patient-management,https://github.com/devemmm/openmrs-esm-patient-management,
GitHub API,markdown-it-emoji,joeldenning/markdown-it-emoji,https://github.com/joeldenning/markdown-it-emoji,
GitHub API,install_editable_tools,denizural/install_editable_tools,https://github.com/denizural/install_editable_tools,
GitHub API,esm-cjs-shim,cspotcode/esm-cjs-shim,https://github.com/cspotcode/esm-cjs-shim,
GitHub API,esm-config-tostring-bug,CacheControl/esm-config-tostring-bug,https://github.com/CacheControl/esm-config-tostring-bug,
GitHub API,esm-loader,direktspeed/esm-loader,https://github.com/direktspeed/esm-loader,Offers Cross Environment ESM Loading even from Strings is a Loader Construction Framework for Userland http import in nodejs supports remote url including node-resolve via rollup
GitHub API,esm-hostagent,commoncriteria/esm-hostagent,https://github.com/commoncriteria/esm-hostagent,Protection Profile for Host Agent
GitHub API,import-cjs-issue,mysticatea/import-cjs-issue,https://github.com/mysticatea/import-cjs-issue,
GitHub API,taro-bug-demo2,shenX-2021/taro-bug-demo2,https://github.com/shenX-2021/taro-bug-demo2,Taro.redirectTo bug
GitHub API,esm-nextjs-reproducable-error,martinratinaud/esm-nextjs-reproducable-error,https://github.com/martinratinaud/esm-nextjs-reproducable-error,Repo to reproduce error when importing an ES modules inside a custom server in nodeJS
GitHub API,AwareESMHelper,tetujin/AwareESMHelper,https://github.com/tetujin/AwareESMHelper,A helper library for managing ESM configuration on AWARE Framework
GitHub API,node-esm-linaria-repro,RanolP/node-esm-linaria-repro,https://github.com/RanolP/node-esm-linaria-repro,Linaria 4.1.2 is incompatible with Node v18 ESM
GitHub API,esm-mock,rompetroll/esm-mock,https://github.com/rompetroll/esm-mock,example showing difficulties in mocking modules with esm loader
GitHub API,esm-loaders,brev/esm-loaders,https://github.com/brev/esm-loaders,ESModule Loaders Monorepo
GitHub API,hot-esm,vinsonchuong/hot-esm,https://github.com/vinsonchuong/hot-esm,
GitHub API,ts-node-esm-bug,SimonSiefke/ts-node-esm-bug,https://github.com/SimonSiefke/ts-node-esm-bug,
GitHub API,tsgo,toyobayashi/tsgo,https://github.com/toyobayashi/tsgo,A commandline tool for using TypeScript to write libraries and export API documentation
GitHub API,source_vendor_import_map_fix_up,jimisaacs/source_vendor_import_map_fix_up,https://github.com/jimisaacs/source_vendor_import_map_fix_up,Temporary solution to fix up the generated vendor import map with a source import map.
GitHub API,build-esm-project,gxlmyacc/build-esm-project,https://github.com/gxlmyacc/build-esm-project,a build command that transform js/jsx/images/styles with babel/postcss
GitHub API,esm-edr,commoncriteria/esm-edr,https://github.com/commoncriteria/esm-edr,Protection Profile for Endpoint Detection and Response
GitHub API,test-cli-modern,typhonjs-oclif-scratch/test-cli-modern,https://github.com/typhonjs-oclif-scratch/test-cli-modern,"Provides a modern test CLI for ESM changes to @oclif v2 against Node 12.20.0+, 14.13+, 15+"
GitHub API,angular__upgrade,esm-bundle/angular__upgrade,https://github.com/esm-bundle/angular__upgrade,ESM and SystemJS bundles for @angular/upgrade
GitHub API,esm-root-loader,aduth/esm-root-loader,https://github.com/aduth/esm-root-loader,ESM loader to import from the project root
GitHub API,the-sample-of-module-bundler,hiroppy/the-sample-of-module-bundler,https://github.com/hiroppy/the-sample-of-module-bundler,You will know how to make a javascript bundler
GitHub API,express-pg-esm-example,crayola-eater/express-pg-esm-example,https://github.com/crayola-eater/express-pg-esm-example,
GitHub API,reproduceCasbinError,armr-dev/reproduceCasbinError,https://github.com/armr-dev/reproduceCasbinError,Reproduces an error Storybook is throwing when Casbin is imported
GitHub API,father2,xiangfengsu/father2,https://github.com/xiangfengsu/father2,
GitHub API,detective-esm,browserify/detective-esm,https://github.com/browserify/detective-esm,find es module dependencies [experimental]
GitHub API,node-esm-sigsegv,demurgos/node-esm-sigsegv,https://github.com/demurgos/node-esm-sigsegv,
GitHub API,esm_query_tester,aw-mfe/esm_query_tester,https://github.com/aw-mfe/esm_query_tester,Build and test McAfee ESM queries with a YAML template
GitHub API,bfx-hf-strategy-py,bitfinexcom/bfx-hf-strategy-py,https://github.com/bitfinexcom/bfx-hf-strategy-py,
GitHub API,Real-ESRGAN-TensorFlow,vincent1bt/Real-ESRGAN-TensorFlow,https://github.com/vincent1bt/Real-ESRGAN-TensorFlow,Real-ESRGAN Implementation using TensorFlow
GitHub API,Geo-DefakeHop,hongshuochen/Geo-DefakeHop,https://github.com/hongshuochen/Geo-DefakeHop,
GitHub API,phema.github.io,PheMA/phema.github.io,https://github.com/PheMA/phema.github.io,The Phenotype Execution Modeling Architecture (PhEMA) project
GitHub API,Awesome-list-of-Haskell-mentors,willbasky/Awesome-list-of-Haskell-mentors,https://github.com/willbasky/Awesome-list-of-Haskell-mentors,An amazing list of Haskell developers who would like to mentor beginner-contributors in open source projects.
GitHub API,ZFundPredictor,ZxZ7/ZFundPredictor,https://github.com/ZxZ7/ZFundPredictor,"A Fund Price Prediction Framework (LSTM-based, web scraping included) Â§©Â§©Âü∫ÈáëÁΩëÁà¨Ëô´+Âü∫ÈáëÈ¢ÑÊµã"
GitHub API,torcheras,hackiey/torcheras,https://github.com/hackiey/torcheras,A keras style's pytorch framework
GitHub API,backtest,Yanjing-PENG/backtest,https://github.com/Yanjing-PENG/backtest,"A python framework to implement backtest research for trading strategies, especially for CTA strategies."
GitHub API,binance-trading-bot,enniorampello/binance-trading-bot,https://github.com/enniorampello/binance-trading-bot,Cryptocurrency trading bot built to work on binance exchange
GitHub API,ema-jhon-react,Mosiur-Rahman-1/ema-jhon-react,https://github.com/Mosiur-Rahman-1/ema-jhon-react,"A simple Amazon.com website clone. That let the users or buyers buy the offered products . Checked out, Add or remove products. That provide them a simple ecommerce experience"
GitHub API,BigGAN-paddle,zzz2010/BigGAN-paddle,https://github.com/zzz2010/BigGAN-paddle,
GitHub API,one-bit-supervision,huhengtong/one-bit-supervision,https://github.com/huhengtong/one-bit-supervision,"The source code for the NeurIPS 2020 paper ""One-bit Supervision for Image Classification"""
GitHub API,Ema,gazinbendigo/Ema,https://github.com/gazinbendigo/Ema,
GitHub API,bfx-hf-strategy-dazaar,bitfinexcom/bfx-hf-strategy-dazaar,https://github.com/bitfinexcom/bfx-hf-strategy-dazaar,
GitHub API,EmaCartoon-Portfolio,emacartoon/EmaCartoon-Portfolio,https://github.com/emacartoon/EmaCartoon-Portfolio,My Personal Portfolio for Bootcamp
GitHub API,Backtester,vipultanwr/Backtester,https://github.com/vipultanwr/Backtester,
GitHub API,CoinTK,CoinTK/CoinTK,https://github.com/CoinTK/CoinTK,[HackIllinois 17 Winner] Bitcoin Trading Algorithm Backtesting and Analysis Toolkit
GitHub API,ema-john-simple,NajahNarjish/ema-john-simple,https://github.com/NajahNarjish/ema-john-simple,
GitHub API,SupCon-Framework,ivanpanshin/SupCon-Framework,https://github.com/ivanpanshin/SupCon-Framework,"Implementation of Supervised Contrastive Learning with AMP, EMA, SWA, and many other tricks "
GitHub API,QPL,DanielRabl/QPL,https://github.com/DanielRabl/QPL,
GitHub API,EfficientNets_ddl_apex,xslidi/EfficientNets_ddl_apex,https://github.com/xslidi/EfficientNets_ddl_apex,A Pytorch implementation of EfficientNet-B0 on ImageNet
GitHub API,Trady,kuco23/Trady,https://github.com/kuco23/Trady,Trading bot framework (on Binance)
GitHub API,dynamic,phymucs/dynamic,https://github.com/phymucs/dynamic,
GitHub API,Urban-SETP,keesvanginkel/Urban-SETP,https://github.com/keesvanginkel/Urban-SETP,Flood risk and house price tipping points for an archetypical coastal city under many sea level rise scenarios and dynamic adaptive policies.
GitHub API,ema_check_vector_mqi,ActianCorp/ema_check_vector_mqi,https://github.com/ActianCorp/ema_check_vector_mqi,A command line utility for check the health status of a VectorH cluster
GitHub API,Werk,AgalmicVentures/Werk,https://github.com/AgalmicVentures/Werk,High-throughput / low-latency C++ application framework
GitHub API,korsa,srkuberski/korsa,https://github.com/srkuberski/korsa,KORSA processing framework
GitHub API,it-events-source,Defkon1/it-events-source,https://github.com/Defkon1/it-events-source,"Il codice sorgente di CalendarioEventi.dev, basato su Gatsby e Grommet"
GitHub API,MetaIRNet,apple2373/MetaIRNet,https://github.com/apple2373/MetaIRNet,Meta-Reinforced Synthetic Data for One-Shot Fine-Grained Visual Recognition (NeurIPS 2019)
GitHub API,gatsby-starter-portfolio,bstizzle/gatsby-starter-portfolio,https://github.com/bstizzle/gatsby-starter-portfolio,portfolio starting from a gatsby starter theme
GitHub API,Trabalhe-Conosco,StheffanySilva/Trabalhe-Conosco,https://github.com/StheffanySilva/Trabalhe-Conosco,Projeto de Robot Frameword realizado  na JobCamp (Qa.Coders / Prime Control)
GitHub API,CHKLineChart,zhiquan911/CHKLineChart,https://github.com/zhiquan911/CHKLineChart,"Á∫ØSwift4.0‰ª£Á†ÅÁºñÂÜôÁöÑKÁ∫øÂõæË°®ÁªÑ‰ª∂ÔºåÊîØÊåÅÔºöMA,EMA,BOLL,SAR,KDJ,MACDÁ≠âÊäÄÊúØÊåáÊ†áÊòæÁ§∫„ÄÇÈõÜÊàê‰ΩøÁî®ÁÆÄÂçïÔºå‰∫åÊ¨°ÂºÄÂèëÊâ©Â±ïÂº∫Â§ß"
GitHub API,TSOMpy,uni-tue-kn/TSOMpy,https://github.com/uni-tue-kn/TSOMpy,Time Series Online Measurement for Python
GitHub API,vuepoint,mattbrailsford/vuepoint,https://github.com/mattbrailsford/vuepoint,A vuejs based dashboard framework
GitHub API,splGoldenDeathX,UTexas80/splGoldenDeathX,https://github.com/UTexas80/splGoldenDeathX,Starpharma Golden / Death Cross analysis
GitHub API,USF4-Character-Extractor,Barnacle/USF4-Character-Extractor,https://github.com/Barnacle/USF4-Character-Extractor,USF4 Character Viewer & Extractor
GitHub API,ema-john-client,iamraufu/ema-john-client,https://github.com/iamraufu/ema-john-client,MERN Stack Project with Firebase authentication and Stripe Payment Gateway
GitHub API,LaNet,yuanjunyj/LaNet,https://github.com/yuanjunyj/LaNet,
GitHub API,BMSG-GAN,akanimax/BMSG-GAN,https://github.com/akanimax/BMSG-GAN,[MSG-GAN] Any body can GAN! Highly stable and robust architecture. Requires little to no hyperparameter tuning. Pytorch Implementation
GitHub API,AdaDM,njulj/AdaDM,https://github.com/njulj/AdaDM,AdaDM: Enabling Normalization for Image Super-Resolution
GitHub API,Alpaca_API_Trading,YuxinSUN89/Alpaca_API_Trading,https://github.com/YuxinSUN89/Alpaca_API_Trading,
GitHub API,ema-john-server,iamraufu/ema-john-server,https://github.com/iamraufu/ema-john-server,Amazon Clone App - Server Side
GitHub API,RAPID,cameronmcphail/RAPID,https://github.com/cameronmcphail/RAPID,
GitHub API,EULERA,s0v1x/EULERA,https://github.com/s0v1x/EULERA,Eulera Dashboard is an easy and intuitive way to get a quick feel of what‚Äôs happening on the world‚Äôs market.
GitHub API,Style-MSG-GAN,Iceland-Leo/Style-MSG-GAN,https://github.com/Iceland-Leo/Style-MSG-GAN,A style based GAN with MSG training method
GitHub API,DEBS_2022_GrandChallenge,skalogerakis/DEBS_2022_GrandChallenge,https://github.com/skalogerakis/DEBS_2022_GrandChallenge,
GitHub API,webhook-server,DankMemer/webhook-server,https://github.com/DankMemer/webhook-server,The express server that we use to handle incoming webhooks from various services.
GitHub API,TTR,joshuaulrich/TTR,https://github.com/joshuaulrich/TTR,Technical analysis and other functions to construct technical trading rules with R
GitHub API,uas-antrian,emarosida20/uas-antrian,https://github.com/emarosida20/uas-antrian,
GitHub API,tyche,magicronn/tyche,https://github.com/magicronn/tyche,stock & option backtesting framework
GitHub API,e2e-react-native-detox,EmaSuriano/e2e-react-native-detox,https://github.com/EmaSuriano/e2e-react-native-detox,Demo of react-native project using Detox
GitHub API,PNS,jamieyap/PNS,https://github.com/jamieyap/PNS,Code and accompanying documentation within this repository focuses on curation of intensive longitudinal data (ILD) from EMA questionnaires from both pre- and post- quit periods
GitHub API,tinnitus-country,joa24jm/tinnitus-country,https://github.com/joa24jm/tinnitus-country,Find different patterns that TYT users report based on their country. Is it possible to predict the tinnitus using country as an independent variable?
GitHub API,awesome-ambulatory-assessment,JStumpp/awesome-ambulatory-assessment,https://github.com/JStumpp/awesome-ambulatory-assessment,A curated list of awesome tools and resources for the research method of ambulatory assessment. This includes the experience sampling method (ESM) and ecological momentary assessment (EMA).
GitHub API,HeartSteps,LisaGotzian/HeartSteps,https://github.com/LisaGotzian/HeartSteps,The HeartSteps data was collected during a mobile health intervention with the HeartSteps app and combines tracker data with the Google Fitbit and Jawbone as well as local weather data. 
GitHub API,good-data-movement.github.io,good-data-movement/good-data-movement.github.io,https://github.com/good-data-movement/good-data-movement.github.io,Website files
GitHub API,uniti-hackathon,MilenaEn/uniti-hackathon,https://github.com/MilenaEn/uniti-hackathon,
GitHub API,physiqual,roqua/physiqual,https://github.com/roqua/physiqual,Ruby Engine for merging various datasources with diary questionnaire data
GitHub API,NHANES_PCA_and_Clustering,durg3sh10/NHANES_PCA_and_Clustering,https://github.com/durg3sh10/NHANES_PCA_and_Clustering,We will take this dataset to understand how we analyze high-dimensional data. This dataset has nearly 200 features and we will put in action PCA and some clustering techniques to visualize insights from the dataset.
GitHub API,gitprint,libao3128/gitprint,https://github.com/libao3128/gitprint,
GitHub API,code-samples,snowkidind/code-samples,https://github.com/snowkidind/code-samples,Collection of code to provide examples of the things I have done
GitHub API,awesome-coronavirus,soroushchehresa/awesome-coronavirus,https://github.com/soroushchehresa/awesome-coronavirus,ü¶†  Huge collection of useful projects and resources for COVID-19 (2019 novel Coronavirus)
GitHub API,DigitalPhenotypingVIP,ZhengsenF/DigitalPhenotypingVIP,https://github.com/ZhengsenF/DigitalPhenotypingVIP,
GitHub API,OpenDPMH,jeancomp/OpenDPMH,https://github.com/jeancomp/OpenDPMH,Framework to Facilitate the Development of Digital Phenotyping Applications
GitHub API,CCU013_01_ENG-COVID-19_event_phenotyping,BHFDSC/CCU013_01_ENG-COVID-19_event_phenotyping,https://github.com/BHFDSC/CCU013_01_ENG-COVID-19_event_phenotyping,COVID-19 trajectories among 57 million adults in England: a cohort study using electronic health records
GitHub API,REP-ASCA,RYCKEWAERT/REP-ASCA,https://github.com/RYCKEWAERT/REP-ASCA,Reduction of repeatability error for Analysis of variance-Simultaneous Component Analysis (REP-ASCA)
GitHub API,Apple-Detection-Data-Challenge,DocZineAIP/Apple-Detection-Data-Challenge,https://github.com/DocZineAIP/Apple-Detection-Data-Challenge,This project was build to invite all interested people in computer vision to solve a real life problem during automation of detection (multiscaling)
GitHub API,digital-lodging,singhdj2/digital-lodging,https://github.com/singhdj2/digital-lodging,R scripts and supporting data for phenomics enabled genetic dissection of lodging in wheat
GitHub API,Global-Wheat-Detection-From-University-of-Saskatchewan,reddyprasade/Global-Wheat-Detection-From-University-of-Saskatchewan,https://github.com/reddyprasade/Global-Wheat-Detection-From-University-of-Saskatchewan,"Global WHEAT Dataset is the first large-scale dataset for wheat head detection from field optical images. It included a very large range of cultivars from differents continents. Wheat is a staple crop grown all over the world and consequently interest in wheat phenotyping spans the globe. Therefore, it is important that models developed for wheat phenotyping, such as wheat head detection networks, generalize between different growing environments around the world."
GitHub API,Intro_to_digital_agro,mishagrol/Intro_to_digital_agro,https://github.com/mishagrol/Intro_to_digital_agro,
GitHub API,beiwe_missing_data,mkiang/beiwe_missing_data,https://github.com/mkiang/beiwe_missing_data,Sociodemographic Characteristics of Missing Data in Digital Phenotyping
GitHub API,phenome2020-workshop,danforthcenter/phenome2020-workshop,https://github.com/danforthcenter/phenome2020-workshop,Phenome 2020 Digital Phenotyping workshop materials
GitHub API,ST_book_chapter,FridleyLab/ST_book_chapter,https://github.com/FridleyLab/ST_book_chapter,"A primer on pre-processing, visualization, clustering, and phenotyping of barcode-based spatial transcriptomics data (from the book ""Statistical Genomics"") ‚Äì Code to generate images in the the chapter"
GitHub API,checkmyplant,apoptosus/checkmyplant,https://github.com/apoptosus/checkmyplant,Flask site monitoring my houseplant's condition
GitHub API,apple_watch_data_analysis,raviolli77/apple_watch_data_analysis,https://github.com/raviolli77/apple_watch_data_analysis,Repo to supplement the rfordatascience community talk 
GitHub API,LAMP-core-ios,BIDMCDigitalPsychiatry/LAMP-core-ios,https://github.com/BIDMCDigitalPsychiatry/LAMP-core-ios,Core scaffolding for digital phenotyping apps with reactive user interfaces. (iOS)
GitHub API,easy-rfp,lab1055/easy-rfp,https://github.com/lab1055/easy-rfp,
GitHub API,Harvard-Project-Digital-Phenotyping,silviodaniel/Harvard-Project-Digital-Phenotyping,https://github.com/silviodaniel/Harvard-Project-Digital-Phenotyping,"Working with JP Onnela and Patrick Staples on this project to analyze daily health behaviors through smartphone data. This can help to better understand and predict worsening conditions among patients with mental illness, like schizophrenia and depression. It has been found that this understanding can predict and prevent hospitalizations a few days before it occurs."
GitHub API,Digital-Phenotyping-in-DIAMANTE,kiatkai96/Digital-Phenotyping-in-DIAMANTE,https://github.com/kiatkai96/Digital-Phenotyping-in-DIAMANTE,FYP Project
GitHub API,DPNewStudents,lowellh315/DPNewStudents,https://github.com/lowellh315/DPNewStudents,"This repository has the notebooks for new students to learn about pandas, the student life dataset, and machine learning"
GitHub API,CCU002_01,BHFDSC/CCU002_01,https://github.com/BHFDSC/CCU002_01,CVD-COVID-UK project: SARS-CoV-2 infection and risk of major vascular events
GitHub API,3D-Sorghum-Inflorescence,maoli0923/3D-Sorghum-Inflorescence,https://github.com/maoli0923/3D-Sorghum-Inflorescence,
GitHub API,digital-phenotyping,code0707/digital-phenotyping,https://github.com/code0707/digital-phenotyping,
GitHub API,Honor-Thesis_friends-family,zilto/Honor-Thesis_friends-family,https://github.com/zilto/Honor-Thesis_friends-family,Predict next-day stress and happiness level using smartphone sensor data
GitHub API,agri-image,oceam/agri-image,https://github.com/oceam/agri-image,image processing for agriculture
GitHub API,digital-phenotyping,bingx1/digital-phenotyping,https://github.com/bingx1/digital-phenotyping,Year long masters advanced software project for SWEN90013 @ the University of Melbourne
GitHub API,OpenHAC,chags1313/OpenHAC,https://github.com/chags1313/OpenHAC,"A video analysis platform for digital biomarker extraction, analysis, and exploration with tools to build, assess, and deploy machine learning classifiers. "
GitHub API,tutoring,munamomo/tutoring,https://github.com/munamomo/tutoring,Tutorial ML applied in Digital Health
GitHub API,PhenomeForce,phenome-force/PhenomeForce,https://github.com/phenome-force/PhenomeForce,"This group is a platform imagined as an interactive ‚Äú metabolic network ‚Äù, where the nodes represent the different areas of plant phenomics applications, along with their sub-communities of experts. The main purpose is to provide all the knowledge essential to plan and start your own project of plant phenomics, making phenomics easy for everybody."
GitHub API,forest,onnela-lab/forest,https://github.com/onnela-lab/forest,Forest is a library for analyzing smartphone-based high-throughput digital phenotyping data
GitHub API,HyperspectralAnalysisIntroduction,GatorSense/HyperspectralAnalysisIntroduction,https://github.com/GatorSense/HyperspectralAnalysisIntroduction,Brief Introduction to Hyperspectral Image Analysis - Jupyter Notebook 
GitHub API,beiwe,onnela-lab/beiwe,https://github.com/onnela-lab/beiwe,Beiwe is a smartphone-based digital phenotyping research platform.
GitHub API,3dmcap,thsant/3dmcap,https://github.com/thsant/3dmcap,3-Demeter Capture is a tool for building 3-D point clouds from images
GitHub API,UAV-crop-analyzer,UPOL-Plant-phenotyping-research-group/UAV-crop-analyzer,https://github.com/UPOL-Plant-phenotyping-research-group/UAV-crop-analyzer,
GitHub API,phenopype,phenopype/phenopype,https://github.com/phenopype/phenopype,A phenotyping pipeline for Python
GitHub API,3D-Sorghum-Inflorescence,Topp-Roots-Lab/3D-Sorghum-Inflorescence,https://github.com/Topp-Roots-Lab/3D-Sorghum-Inflorescence,
GitHub API,deep-computational-phenotyping-papers,RigautAntoine/deep-computational-phenotyping-papers,https://github.com/RigautAntoine/deep-computational-phenotyping-papers,"An attempted survey of the current state of Computational Phenotyping, i.e. the use of deep learning for extracting insight from large Electronic Health Records"
GitHub API,CCU029_01,BHFDSC/CCU029_01,https://github.com/BHFDSC/CCU029_01,COVID-IMPACT project: Hospital admissions linked to SARS-CoV-2 infection in children: a cohort study of 3.2 million first ascertained infections in England
GitHub API,fractalgenetics,ImperialCollegeLondon/fractalgenetics,https://github.com/ImperialCollegeLondon/fractalgenetics,Analysis of the genomic architecture and functional role of myocardial trabeculae
GitHub API,loinc2hpo,monarch-initiative/loinc2hpo,https://github.com/monarch-initiative/loinc2hpo,Java library to map LOINC-encoded test results to Human Phenotype Ontology
GitHub API,CCU003_01,BHFDSC/CCU003_01,https://github.com/BHFDSC/CCU003_01,CVD-COVID-UK project: A retrospective cohort study measured predicting and validating the impact of the COVID-19 pandemic in individuals with chronic kidney disease
GitHub API,Beiwe-Analysis,onnela-lab/Beiwe-Analysis,https://github.com/onnela-lab/Beiwe-Analysis,Beiwe is a smartphone-based digital phenotyping research platform. This repository contains some data analysis code.
GitHub API,carp.client-fastAPI,cph-cachet/carp.client-fastAPI,https://github.com/cph-cachet/carp.client-fastAPI,"This is a sample project that provides all existing endpoints to communicate with the [CARP Webservices API](https://carp.cachet.dk) platform using the async framework, namely [FastAPI](http://fastapi.tiangolo.com)."
GitHub API,awesome-agriculture,brycejohnston/awesome-agriculture,https://github.com/brycejohnston/awesome-agriculture,"Open source technology for agriculture, farming, and gardening"
GitHub API,threelevel,ToreWentzel-Larsen/threelevel,https://github.com/ToreWentzel-Larsen/threelevel,
GitHub API,CCU003_03,BHFDSC/CCU003_03,https://github.com/BHFDSC/CCU003_03,CVD-COVID-UK project: Using national electronic health records for pandemic preparedness: validation of a parsimonious model for predicting excess COVID-19 deaths
GitHub API,CCU002_02,BHFDSC/CCU002_02,https://github.com/BHFDSC/CCU002_02,CVD-COVID-UK project: SARS-CoV-2 vaccination and risk of venous thromboembolism and arterial thrombotic events
GitHub API,NeuroneLabISASI.github.io,NeuroneLabISASI/NeuroneLabISASI.github.io,https://github.com/NeuroneLabISASI/NeuroneLabISASI.github.io,Research Repository NeuroneLab-ISASI (Italy)
GitHub API,tutorials,singhdj2/tutorials,https://github.com/singhdj2/tutorials,My tutorials on data wrangling and modeling.
GitHub API,Plugin,jeancomp/Plugin,https://github.com/jeancomp/Plugin,Plugin: application that makes up the OpenDP framework.
GitHub API,carp.client-api-flask,cph-cachet/carp.client-api-flask,https://github.com/cph-cachet/carp.client-api-flask,"This is a sample project that provides all existing endpoints to communicate with the [CARP Webservices API](https://carp.cachet.dk) platform using the async framework, namely [FastAPI](http://fastapi.tiangolo.com)."
GitHub API,beiwe-backend,onnela-lab/beiwe-backend,https://github.com/onnela-lab/beiwe-backend,Beiwe is a smartphone-based digital phenotyping research platform. This is the Beiwe backend code
GitHub API,data-publication,terraref/data-publication,https://github.com/terraref/data-publication,Just the content going to Dryad
GitHub API,HES-birth-cohorts,UCL-CHIG/HES-birth-cohorts,https://github.com/UCL-CHIG/HES-birth-cohorts,Description of methods for developing birth cohorts in Hospital Episode Statistics 
GitHub API,Karthick-840,Karthick-840/Karthick-840,https://github.com/Karthick-840/Karthick-840,Config files for my GitHub profile.
GitHub API,website,artificialnouveau/website,https://github.com/artificialnouveau/website,
GitHub API,carrotsweeper,jbustamante35/carrotsweeper,https://github.com/jbustamante35/carrotsweeper,Pipeline to extract contours from images and run PCA analysis
GitHub API,ehr2HPO.prj,data2health/ehr2HPO.prj,https://github.com/data2health/ehr2HPO.prj,Conversion of EHR data (such as LOINC) to HPO codes
GitHub API,CCU004_02,BHFDSC/CCU004_02,https://github.com/BHFDSC/CCU004_02,CVD-COVID-UK project: Prediction of stroke and COVID-19 death using deep learning and sequential medical histories in a nationwide atrial fibrillation cohort
GitHub API,EntropyMasker,CirculatoryHealth/EntropyMasker,https://github.com/CirculatoryHealth/EntropyMasker,A fully automated approach for separating foreground (tissue) and background in bright-field microscopic whole-slide images of (immuno)histologically stained samples.
GitHub API,cv,zimolzak/cv,https://github.com/zimolzak/cv,Curriculum vitae. I like my cv.sty LaTeX file.
GitHub API,awesome-indoor-farming,csmsx/awesome-indoor-farming,https://github.com/csmsx/awesome-indoor-farming,"A curated list of awesome dataset, technologies, companies, and media about Indoor Farming."
GitHub API,data-system,Salk-Harnessing-Plants-Initiative/data-system,https://github.com/Salk-Harnessing-Plants-Initiative/data-system,"The main Salk HPI Data System for tracking plants and their phenotypic data in the lab, greenhouse, and field. Integrates with QR code tracking. Makes querying past experiments (+ images, etc.) and environmental data easier."
GitHub API,SeedCoatColor,seninfobio/SeedCoatColor,https://github.com/seninfobio/SeedCoatColor,
GitHub API,Awesome-Precision-Agriculture,px39n/Awesome-Precision-Agriculture,https://github.com/px39n/Awesome-Precision-Agriculture,"Advancement of UAV, deep Learning and cutting edged technologies and papers in Precision Agriculture. "
GitHub API,Awesome-Machine-Learning-in-Biomedical-Healthcare-Imaging,XindiWu/Awesome-Machine-Learning-in-Biomedical-Healthcare-Imaging,https://github.com/XindiWu/Awesome-Machine-Learning-in-Biomedical-Healthcare-Imaging,"A list of awesome selected resources towards the application of machine learning in Biomedical/Healthcare Imaging, inspired by"
GitHub API,pyfao56,kthorp/pyfao56,https://github.com/kthorp/pyfao56,A Python implementation of the FAO-56 dual crop coefficient approach for crop water use estimation and irrigation scheduling
GitHub API,tscfat,ArgonSilicon/tscfat,https://github.com/ArgonSilicon/tscfat,
GitHub API,BraPolar,abelgonzalez/BraPolar,https://github.com/abelgonzalez/BraPolar,"BraPolar is an Android m-Health for remote monitoring patients with Bipolar Affective Disorder, presenting real-time mood and behavior fluctuations in participants through interaction with their mobile devices. "
GitHub API,awesome-biological-image-analysis,hallvaaw/awesome-biological-image-analysis,https://github.com/hallvaaw/awesome-biological-image-analysis,"A curated list of softwares, tools, pipelines, plugins etc. for image analysis related to biological questions."
GitHub API,zECG_base,tvyduo/zECG_base,https://github.com/tvyduo/zECG_base,Repository for zebrafish ECG traces generated from Duong et. al. (2021)
GitHub API,bioimage-search,aws-samples/bioimage-search,https://github.com/aws-samples/bioimage-search,
GitHub API,Medical-Datasets-for-Machine-Learning,QQQHY/Medical-Datasets-for-Machine-Learning,https://github.com/QQQHY/Medical-Datasets-for-Machine-Learning,Medical Datasets for Machine Learning Êú∫Âô®Â≠¶‰π†ÂåªÂ≠¶Êï∞ÊçÆ
GitHub API,3d-root-crown-analysis-pipeline,Topp-Roots-Lab/3d-root-crown-analysis-pipeline,https://github.com/Topp-Roots-Lab/3d-root-crown-analysis-pipeline,A pipeline to process 3-D volumes (.raw) of maize root crowns
GitHub API,docs,GCSP-BDSI/docs,https://github.com/GCSP-BDSI/docs,
GitHub API,aradeepopsis,phue/aradeepopsis,https://github.com/phue/aradeepopsis,
GitHub API,Articles-on-AI-in-Healthcare,mayuresh12345/Articles-on-AI-in-Healthcare,https://github.com/mayuresh12345/Articles-on-AI-in-Healthcare,
GitHub API,aradeepopsis,Gregor-Mendel-Institute/aradeepopsis,https://github.com/Gregor-Mendel-Institute/aradeepopsis,"A versatile, fully open-source pipeline to extract phenotypic measurements from plant images"
GitHub API,maize,georginaehemba/maize,https://github.com/georginaehemba/maize,
GitHub API,PARC,ShobiStassen/PARC,https://github.com/ShobiStassen/PARC,
GitHub API,awesome-metadata,stevetsa/awesome-metadata,https://github.com/stevetsa/awesome-metadata,"A list of resources for metadata tools, standards and/or development"
GitHub API,healthcare_ml,isaacmg/healthcare_ml,https://github.com/isaacmg/healthcare_ml,A curated list of ML|NLP resources for healthcare.
GitHub API,SurvivalAnalysisPapers,shi-ang/SurvivalAnalysisPapers,https://github.com/shi-ang/SurvivalAnalysisPapers,A list of papers/resources in Survival Analysis that we have read or would like to read.
GitHub API,awesome-ehr-deeplearning,hurcy/awesome-ehr-deeplearning,https://github.com/hurcy/awesome-ehr-deeplearning,"Curated list of awesome papers for electronic health records(EHR) mining, machine learning, and deep learning."
GitHub API,Heathcare_ML,Debajyoti2040/Heathcare_ML,https://github.com/Debajyoti2040/Heathcare_ML,
GitHub API,SRA,christianabbet/SRA,https://github.com/christianabbet/SRA,
GitHub API,test,bbbrz/test,https://github.com/bbbrz/test,testing org mode and markdown
GitHub API,Transient_Oscillation_Dynamics_Toolbox,preraulab/Transient_Oscillation_Dynamics_Toolbox,https://github.com/preraulab/Transient_Oscillation_Dynamics_Toolbox,Transient Oscillation Dynamics Toolbox v1.0 - Prerau Laboratory (sleepEEG.org)
GitHub API,AMLD2020,smyth7/AMLD2020,https://github.com/smyth7/AMLD2020,Applied ML Days 2020
GitHub API,X-is-all-you-need,vinayprabhu/X-is-all-you-need,https://github.com/vinayprabhu/X-is-all-you-need,A survey of all the 'X is all you need'
GitHub API,patient_embedding,neiljethani/patient_embedding,https://github.com/neiljethani/patient_embedding,Repository for code related to creating patient embeddings from MIMIC III Data
GitHub API,awesome-graph-explainability-papers,flyingdoog/awesome-graph-explainability-papers,https://github.com/flyingdoog/awesome-graph-explainability-papers,Papers about explainability of GNNs
GitHub API,meshroom_publications,natowi/meshroom_publications,https://github.com/natowi/meshroom_publications,Publications mentioning Meshroom
GitHub API,Histopathology-Datasets,maduc7/Histopathology-Datasets,https://github.com/maduc7/Histopathology-Datasets,Ressources of histopathology datasets
GitHub API,20fall-,zkysfls/20fall-,https://github.com/zkysfls/20fall-,
GitHub API,Aweome-Heathcare-Federated-Learning,monk1337/Aweome-Heathcare-Federated-Learning,https://github.com/monk1337/Aweome-Heathcare-Federated-Learning,A curated list of Federated Learning papers/articles and recent advancements.
GitHub API,Deeplearning-Biology-Papers,manjunath5496/Deeplearning-Biology-Papers,https://github.com/manjunath5496/Deeplearning-Biology-Papers,"""The laws of physics demand the existence of something called 'negative energy'.""‚Äï Stephen Hawking"
GitHub API,bioinfo_pi_atlas,DC-Jade/bioinfo_pi_atlas,https://github.com/DC-Jade/bioinfo_pi_atlas,
GitHub API,Bison-Fly,filipematias23/Bison-Fly,https://github.com/filipematias23/Bison-Fly,Bison-Fly is the NDSU Spring Wheat UAV Pipeline developed in partnership with Drone2Phenome UAV community (D2P). In this pipeline we are presenting step by step how we have been applying UAV data on our breeding program. This is a open source R code from where anyone can use and adept for different crops. All suggestions are welcome. Help us to build this platform in partnership with Drone2Phenome community. 
GitHub API,Bioinfor_researchers_atlas,WWXkenmo/Bioinfor_researchers_atlas,https://github.com/WWXkenmo/Bioinfor_researchers_atlas,
GitHub API,LifeSciTrainingSlack,JasonJWilliamsNY/LifeSciTrainingSlack,https://github.com/JasonJWilliamsNY/LifeSciTrainingSlack,A Slack community of people who do short-format training in the life sciences
GitHub API,An-Improved-Synthetic-Minority-Over-sampling-Technique-for-Imbalanced-Data-Set-Learning,s0920832252/An-Improved-Synthetic-Minority-Over-sampling-Technique-for-Imbalanced-Data-Set-Learning,https://github.com/s0920832252/An-Improved-Synthetic-Minority-Over-sampling-Technique-for-Imbalanced-Data-Set-Learning,Ë´ñÊñáÂØ¶È©óÁ®ãÂºèÁí∞Â¢ÉÂª∫Á´ã
GitHub API,RL-DoubleDQN-PrioritizedReplay,yutongshen/RL-DoubleDQN-PrioritizedReplay,https://github.com/yutongshen/RL-DoubleDQN-PrioritizedReplay,
GitHub API,ExperienceSamplingApplication,everKalle/ExperienceSamplingApplication,https://github.com/everKalle/ExperienceSamplingApplication,
GitHub API,testing,EveraertJan/testing,https://github.com/EveraertJan/testing,testing digitalocean
GitHub API,Jedi,BYU-PCCL/Jedi,https://github.com/BYU-PCCL/Jedi,A Deep RL Framework
GitHub API,REPER-on-DQN,Hanson-Liuhx/REPER-on-DQN,https://github.com/Hanson-Liuhx/REPER-on-DQN,SI151 Optimization and Machine Learning course final project: Recent Emphasized Prioritized Experience Replay on Deep Q-Network
GitHub API,TD_UP2_EEJSI,GuillaumeVIMONT/TD_UP2_EEJSI,https://github.com/GuillaumeVIMONT/TD_UP2_EEJSI,This repo contain ressources of the course EEJSI
GitHub API,GSOC-Opencv-matting,Nerdyvedi/GSOC-Opencv-matting,https://github.com/Nerdyvedi/GSOC-Opencv-matting,Repository for implementing alpha matting
GitHub API,SignificantSampling,lynshao/SignificantSampling,https://github.com/lynshao/SignificantSampling,Technical Report and Source Codes
GitHub API,surveytool,adamfeuer/surveytool,https://github.com/adamfeuer/surveytool,Python-Django web application to run experience sampling method surveys
GitHub API,Weijia-Ren,weijia-ren/Weijia-Ren,https://github.com/weijia-ren/Weijia-Ren,Statistical research scientist
GitHub API,Qsearch_MSc_Final_project,thenatzzz/Qsearch_MSc_Final_project,https://github.com/thenatzzz/Qsearch_MSc_Final_project,
GitHub API,thesis-android-apps,fd-jian/thesis-android-apps,https://github.com/fd-jian/thesis-android-apps,Android applications of the master thesis.
GitHub API,Experience,ece1778github/Experience,https://github.com/ece1778github/Experience,
GitHub API,tesc-website,mihaiconstantin/tesc-website,https://github.com/mihaiconstantin/tesc-website,The landing page of Tilburg Experience Sampling Center (https://experiencesampling.nl)
GitHub API,AdaptiveESM,Kaist-ICLab/AdaptiveESM,https://github.com/Kaist-ICLab/AdaptiveESM,A proof-of-concept for an adaptive sampling method to collect emotions in the wild.
GitHub API,ExperienceSamplerClone,Zstan21/ExperienceSamplerClone,https://github.com/Zstan21/ExperienceSamplerClone,
GitHub API,ExperienceSampler,sabrinathai/ExperienceSampler,https://github.com/sabrinathai/ExperienceSampler,An open-source smartphone app designed for experience sampling developed using Cordova
GitHub API,experience-sampling,googlearchive/experience-sampling,https://github.com/googlearchive/experience-sampling,The Chrome Experience User Survey (CUES) extension.
GitHub API,retro-agents,seungjaeryanlee/retro-agents,https://github.com/seungjaeryanlee/retro-agents,Agents for OpenAI Retro Contest
GitHub API,RL-Pseudocode,LinxiFan/RL-Pseudocode,https://github.com/LinxiFan/RL-Pseudocode,
GitHub API,TRPO,ssw5075839/TRPO,https://github.com/ssw5075839/TRPO,
GitHub API,memoire,lns/memoire,https://github.com/lns/memoire,
GitHub API,ExperienceSampler-Test,adamsmythe/ExperienceSampler-Test,https://github.com/adamsmythe/ExperienceSampler-Test,
GitHub API,Shiny-Resume-app,shashu1993/Shiny-Resume-app,https://github.com/shashu1993/Shiny-Resume-app,An interactive app made on R Shiny which displays all my projects and my resume
GitHub API,DRL,Kyushik/DRL,https://github.com/Kyushik/DRL,Repository for codes of 'Deep Reinforcement Learning'
GitHub API,Mobile-Experience-Sampling-Master,forzaz/Mobile-Experience-Sampling-Master,https://github.com/forzaz/Mobile-Experience-Sampling-Master,SampleU - An Open Source Experience Sampling and Ecological Momentary Intervention App for Android and iOS
GitHub API,Survey-App-Android,ZachStanik21/Survey-App-Android,https://github.com/ZachStanik21/Survey-App-Android,Android version of a web-based survey app developed for the Yale School of Public Health
GitHub API,CRBMSound,simondemeule/CRBMSound,https://github.com/simondemeule/CRBMSound,Experimental machine learning algorithms for sound synthesis
GitHub API,-Review-Stabilising-Experience-Replay-for-Deep-Multi-Agent-Reinforcement-Learning,170928/-Review-Stabilising-Experience-Replay-for-Deep-Multi-Agent-Reinforcement-Learning,https://github.com/170928/-Review-Stabilising-Experience-Replay-for-Deep-Multi-Agent-Reinforcement-Learning,[Review]
GitHub API,gin,shakedzy/gin,https://github.com/shakedzy/gin,Models library for training one's computer
GitHub API,chdss2019_content,cskemp/chdss2019_content,https://github.com/cskemp/chdss2019_content,Content for the 2019 Complex Human Data Summer School
GitHub API,alfred-messenger,hgueguen/alfred-messenger,https://github.com/hgueguen/alfred-messenger,Here is hosted Alfred the flow tester
GitHub API,DQN-pong,namm2008/DQN-pong,https://github.com/namm2008/DQN-pong,Using Deep Q Learning to solve the classical Atari Game - Pong.
GitHub API,deep_rl_atari,vmtang11/deep_rl_atari,https://github.com/vmtang11/deep_rl_atari,Deep Q Learning to achieve human-level performance on the Atari 2600 games
GitHub API,pathtracer,Toctave/pathtracer,https://github.com/Toctave/pathtracer,A minimal pathtracer written in C
GitHub API,DialogPolicy,iTharindu/DialogPolicy,https://github.com/iTharindu/DialogPolicy,Dialog policy optimization for task-oriented conversational agents in low resource setting using Reinforcement learning. The methodology is based on a novel probability based Self-play technique and a novel Reward based sampling technique that prioritizes failed dialogues over successful ones
GitHub API,distributive-prioritised-hindsight-experience-replay,ojasjoshi/distributive-prioritised-hindsight-experience-replay,https://github.com/ojasjoshi/distributive-prioritised-hindsight-experience-replay,building.....
GitHub API,transfer-policy-search,AndreaTirinzoni/transfer-policy-search,https://github.com/AndreaTirinzoni/transfer-policy-search,"Code for the paper ""Transfer of Samples in Policy Search via Multiple Importance Sampling"" (ICML 2019)."
GitHub API,reinforcement-learning-notes,amal-sunny/reinforcement-learning-notes,https://github.com/amal-sunny/reinforcement-learning-notes,
GitHub API,dissertation,jrosen48/dissertation,https://github.com/jrosen48/dissertation,Joshua Rosenberg's Dissertation for the EPET Ph.D. program at MSU
GitHub API,open-sustainable-technology,protontypes/open-sustainable-technology,https://github.com/protontypes/open-sustainable-technology,"A curated list of open technology projects to sustain a stable climate, energy supply, and natural resources. "
GitHub API,IROS2021PaperList,dectrfov/IROS2021PaperList,https://github.com/dectrfov/IROS2021PaperList,IROS 2021 paper list
GitHub API,IROS2020-paper-list,PaoPaoRobot/IROS2020-paper-list,https://github.com/PaoPaoRobot/IROS2020-paper-list,IROS2020 paperlist by paopaorobot
GitHub API,awesome-IROS2020-paper-list,qxiaofan/awesome-IROS2020-paper-list,https://github.com/qxiaofan/awesome-IROS2020-paper-list,Ê±áÊÄª‰∫ÜIROSËÆ∫ÊñáÈõÜ
GitHub API,aph_ema_handbook,jruwaard/aph_ema_handbook,https://github.com/jruwaard/aph_ema_handbook,EMA in Mental Health Research
GitHub API,About,bjaso6/About,https://github.com/bjaso6/About,
GitHub API,Models-for-Intensively-Collected-Mobile-Data,adamzhang822/Models-for-Intensively-Collected-Mobile-Data,https://github.com/adamzhang822/Models-for-Intensively-Collected-Mobile-Data,Computation algorithms and statistical models for mobile health data
GitHub API,vwm,daskalov/vwm,https://github.com/daskalov/vwm,
GitHub API,CA400-Final-Year-Project,pedrocanes/CA400-Final-Year-Project,https://github.com/pedrocanes/CA400-Final-Year-Project,CA400 Final Year Project: Daisy Voice Assistant
GitHub API,sleep_puberty_affect_associations,jackie-schwartz/sleep_puberty_affect_associations,https://github.com/jackie-schwartz/sleep_puberty_affect_associations,
GitHub API,surveyapp,wdwdz/surveyapp,https://github.com/wdwdz/surveyapp,
GitHub API,Coremelysis,Galdineris/Coremelysis,https://github.com/Galdineris/Coremelysis,Coremelysis is an app for experience sampling that uses machine learning for sentiment analysis.
GitHub API,esmpack,wviechtb/esmpack,https://github.com/wviechtb/esmpack,R package to facilitate the preparation and management of ESM/EMA data
GitHub API,IsolationAlert,Doge-is-Dope/IsolationAlert,https://github.com/Doge-is-Dope/IsolationAlert,üë®‚Äç‚öïÔ∏è An Android app used to identify social status based on users' social activities
GitHub API,long.tools,myles-maillet/long.tools,https://github.com/myles-maillet/long.tools,R package for analyzing longitudinal data in the social sciences
GitHub API,PIDApp,Luca-Menghini/PIDApp,https://github.com/Luca-Menghini/PIDApp,Pulse Intervals Detection App: An R Shiny app to detect and process pulse intervals from pothoplethismography-based blood volume pulse
GitHub API,sensor_EMA_PD_monitoring,jgvhabets/sensor_EMA_PD_monitoring,https://github.com/jgvhabets/sensor_EMA_PD_monitoring,Code to test technical validity of public data set containing objective wearable sensor (accelerometer and gyroscope) data and subjective EMA (ecological momentary assessment) data.
GitHub API,EmotionTimeSeries,jmbh/EmotionTimeSeries,https://github.com/jmbh/EmotionTimeSeries,Data archive of seven open emotion time series from studies using Experience Sampling Methodology
GitHub API,anxiety_prediction,mlfpm/anxiety_prediction,https://github.com/mlfpm/anxiety_prediction,"Code and examples for ""Shift in Social Media App Usage During COVID-19 Lockdown and Clinical Anxiety Symptoms: Machine Learning‚ÄìBased Ecological Momentary Assessment Study"""
GitHub API,SurveyMerge,bjventures/SurveyMerge,https://github.com/bjventures/SurveyMerge,Excel macros which merge multiple PIEL Survey data files and multiple survey runs.
GitHub API,Smartphone_Analysis,sy2399/Smartphone_Analysis,https://github.com/sy2399/Smartphone_Analysis,From smartphone data collection to modeling
GitHub API,nativescript-emai-framework,GeoTecINIT/nativescript-emai-framework,https://github.com/GeoTecINIT/nativescript-emai-framework,Easing the development of Ecological Momentary Assessment and Intervention apps
GitHub API,Automatic-psychological-text-analyses-KNN,budihan/Automatic-psychological-text-analyses-KNN,https://github.com/budihan/Automatic-psychological-text-analyses-KNN,Automated schema classification for Schema-Focused Therapy using k-NearestNeighbour
GitHub API,iDialogPad,gemu2015/iDialogPad,https://github.com/gemu2015/iDialogPad,EMA App for IOS
GitHub API,EMAR,emar-project/EMAR,https://github.com/emar-project/EMAR,
GitHub API,analysis_state-impulsivity_hunger,SimonvBaal/analysis_state-impulsivity_hunger,https://github.com/SimonvBaal/analysis_state-impulsivity_hunger,
GitHub API,Pre-Alpha,Gardener-of-Mind/Pre-Alpha,https://github.com/Gardener-of-Mind/Pre-Alpha,Pre-Alpha Release of Platform. Please note that this is very unstable at the moment.
GitHub API,tower-airdrop,qutang/tower-airdrop,https://github.com/qutang/tower-airdrop,
GitHub API,sema2_web,eorygen/sema2_web,https://github.com/eorygen/sema2_web,SEMA2 Open Source - Web
GitHub API,ieso,WilliamChiu/ieso,https://github.com/WilliamChiu/ieso,"ieso is a platform where users can share their emotions and experiences, and receive help in processing them from other users as well as volunteer student social workers"
GitHub API,mCerebrum-EMA,MD2Korg/mCerebrum-EMA,https://github.com/MD2Korg/mCerebrum-EMA,
GitHub API,PeerSupportApp,PeterHart23/PeerSupportApp,https://github.com/PeterHart23/PeerSupportApp,"This application was created as a way for CSU students to connect with each other while monitoring their personal mental health. The app has a search page to find other students and see what their major, academic level, and interests are. Once a fellow student has been found, they can be added as a friend and the chat functionality is unlocked between the two. Also, the main page contains an EMA (Ecological momentary assessment) which is basically a short survey that tracks how the student‚Äôs behaviors and school life is currently going. This app helps improve students‚Äô mental health by connecting students with common interests and providing a way for students to track their personal mental health."
GitHub API,SoDA501,burtmonroe/SoDA501,https://github.com/burtmonroe/SoDA501,Material for Social Data Analytics 501 @ Penn State
GitHub API,final-project-aws-participant-ingest-pipeline,lsc4ss-s21/final-project-aws-participant-ingest-pipeline,https://github.com/lsc4ss-s21/final-project-aws-participant-ingest-pipeline,AWS Assisted Pipeline for Research Participant Management
GitHub API,studentlife,cran/studentlife,https://github.com/cran/studentlife,:exclamation:¬†This¬†is¬†a¬†read-only¬†mirror¬†of¬†the¬†CRAN¬†R¬†package¬†repository.  studentlife¬†‚Äî¬†Tidy¬†Handling¬†and¬†Navigation¬†of¬†the¬†Student-Life¬†Dataset.¬†Homepage:¬†https://github.com/Frycast/studentlife  Report¬†bugs¬†for¬†this¬†package:¬†https://github.com/Frycast/studentlife/issues
GitHub API,open-data-exploratory,CornellPACLab/open-data-exploratory,https://github.com/CornellPACLab/open-data-exploratory,
GitHub API,studentlife,frycast/studentlife,https://github.com/frycast/studentlife,Tidy handling and navigation of the valuable Student-Life mHealth dataset
GitHub API,mental-health-datasets,kharrigian/mental-health-datasets,https://github.com/kharrigian/mental-health-datasets,An evolving list of electronic media data sets used to model mental-health status.
GitHub API,hypMuVar,donaldRwilliams/hypMuVar,https://github.com/donaldRwilliams/hypMuVar,Bayesian Hypothesis Testing of Mean--Variance Relations
GitHub API,aglocl,gunnihinn/aglocl,https://github.com/gunnihinn/aglocl,An automatically generated list of curated lists
GitHub API,Hangman,josephmoyer/Hangman,https://github.com/josephmoyer/Hangman,"A hangman game using the 6of12 word list, found at http://wordlist.sourceforge.net/, and included in the public domain by it's creator."
GitHub API,awarns-framework,GeoTecINIT/awarns-framework,https://github.com/GeoTecINIT/awarns-framework,"Easing the development of context-aware apps. Powered by our Task Dispatcher and Context Apis plugins. Modular by design, just use what you need"
Google,M-Path,m-Path ‚Äì Free tool for blended care by KU Leuven,https://m-path.io/landing/,"The platform provides an intuitive and flexible framework for real-life assessment and intervention, and is entirely free to use."
Google,Beiwe / Forest,Beiwe / Forest,https://www.beiwe.org/,"Both Beiwe and Forest are open-source software, published under the permissive 3-clause BSD (BSD-3) license. Every single Beiwe data collection setting is captured as a JSON-formatted study configuration file that can be easily imported or exported. Public sharing of study configuration files makes it easy for anyone to reproduce a Beiwe ..."
Google,AWARE-Light,AWARE-Light |  Digital phenotyping and experience sampling on smartphones,https://www.aware-light.org/,Get questionnaire and sensor data from smartphones. AWARE-Light is an Android software for conducting experience sampling studies on smartphones.
Google,AWARE,AWARE - Open-source Context Instrumentation Framework For Everyone ,https://awareframework.com/,"What is AWARE? AWARE is a mobile instrumentation framework for logging, sharing and reusing mobile context. Read more ..."
other,Ilumivu,,https://ilumivu.com/,Ilumivu (https://ilumivu.com/) is an American commercial company specialised in mobile EMA application development. It offers a cross-platform (Android and IOS) smartphone app (mEMA) that researchers can use to collect data from study participants.
other,Moodbuster,,http://moodbuster.eu/,"Moodbuster (http://moodbuster.eu/) is a web-based treatment platform with an integrated EMA app. The platform was developed by an international non-profit research consortium, including VU and GGZ inGeest, in two major EU-funded research projects: ICT4Depression (see ICT4Depression.eu; Warmerdam et al., 2012) and E-COMPARED (see http://e-compared.eu; Kleiboer et al., 2016; Van de Ven et al., 2017)."
other,Movisens,,http://www.movisens.com/,"Movisens (http://www.movisens.com) is a German company that is specialized in the development of hard- and software solutions for mobile sensing. The company sells small wearable devices that contain several high-precision sensors, including an accelerometer, gyroscope, barometer and thermometer. In addition, the company has developed an (Android) app, called MovisensXS, which can be used for active EMA research. The app can optionally be configured for smartphone logging (e.g., to log music that a study participant listens this). The wearable sensor can also be linked to the app, so that EMA questionnaires can be triggered based on targeted activity or energy expenditure patterns, such as extended periods of sedentary behavior."
other,PsyMate,,http://www.psymate.eu/,"The PsyMate app (http://www.psymate.eu) was developed by the Department of Psychiatry and Psychology at Maastricht University in the Netherlands to assess psychological problems in daily life. The app has been validated for use in depression, bipolar disorder, and psychosis, with new scales currently being developed for a range of diseases including Parkinson‚Äôs disease, pain, cardiology, hypertension, diabetes and Irritable Bowel Syndrome. It was also used in an EU-funded project to study gene-environment interaction in schizophrenia (http://www.eu-gei.eu/about-the-project/psymate)."
other,RoQua,,http://www.roqua.nl/,"RoQua (http://www.roqua.nl/) is a web-based Routine Outcome Monitoring system, developed and maintained by a Dutch non-profit development and service organization that is funded by several by northern GGZ organizations and the Department of Psychiatry, University Medical Center Groningen. RoQUA has a sophisticated and user-friendly online back-office portal, with which researchers can define assessment protocols and invite study participants - through e-mail or SMS - to complete questionnaires online (on desktop or mobile devices)."
other,formr,,https://formr.org/,"formr survey framework. chain simple surveys into long runs, use the power of R to generate pretty feedback and complex designs"
other,ExperienceSampler,,http://experiencesampler.com/index.html,ExperienceSampler is an open-source smartphone app designed specifically for experience sampling studies
other,OHmage,,https://github.com/ohmage/server,ohmage is a mobile data collection system for collecting data given explicitly by a user (active data) and data that is collected by backgrounded applications (passive data).
other,Beiwe,,https://www.beiwe.org/,"Both Beiwe and Forest are open-source software, published under the permissive 3-clause BSD (BSD-3) license. Every single Beiwe data collection setting is captured as a JSON-formatted study configuration file that can be easily imported or exported. Public sharing of study configuration files makes it easy for anyone to reproduce a Beiwe ..."
other,u-can-act platform,,https://github.com/compsy/u-can-act,The u-can-act questionnaire engine 
